{"cameraMode":{"drawMode":0,"name":"Shaded","section":"Shading Mode"},"sceneLighting":true,"audioPlay":false,"sceneViewState":{"m_AlwaysRefresh":false,"showFog":true,"showSkybox":true,"showFlares":true,"showImageEffects":true,"showParticleSystems":true,"showVisualEffectGraphs":true,"m_FxEnabled":true},"in2DMode":false,"pivot":{"x":493.1034851074219,"y":23.13727378845215,"z":503.6495361328125},"rotation":{"x":-0.0047915177419781689,"y":0.1013447716832161,"z":-0.0004109953297302127,"w":-0.9950016140937805},"size":0.4909461736679077,"orthographic":false}